0,1,2,3,4,target
0.2756665493407744,-1.6417032288097841,-0.7308735859513859,0.7196681705373317,-0.24841930670503823,-8.808847821198455
-1.342866619158899,1.2512923328000063,-0.6040330856396997,-0.8241472688054521,-0.16725256960323043,-19.95256141402689
1.6217279782495952,-2.096557481215648,-0.09312279204743792,-1.5257775118655468,0.47812499636301325,15.447073123171549
-1.1702611520460462,0.07992626501632083,1.2027678606142727,0.43037416359483627,-0.9519916772532259,-58.695696114858585
0.08961985783925162,-0.8257793632512705,-0.39522206585005965,1.0106937159878049,-0.743227540017318,-38.595136758190485
0.1270239533211901,-0.03382696657238071,1.04798661479213,0.4170538889921242,-0.6078679483894681,-35.95436677520259
1.3759415792580494,-0.04144268141099414,1.5924257073347199,-1.3993559707848324,0.5086227359478508,18.829704639795562
-0.8790960122662607,0.13105444921746154,-0.08332628524667475,0.8883941095724036,-0.5164874419484505,-24.827420621424334
0.9222066715665268,0.6140793703460803,-0.1550100930908342,0.8024563957963952,0.947251967773748,71.58971010340895
-0.0028761026590009907,0.28725731246679276,-1.1758349879382288,0.6530372834064285,-0.18844908213006825,-5.534777686652403
1.5709647086757912,-1.8731196623660062,0.34297653786693605,0.7429509766083332,0.8439889133578954,64.08519773008422
0.10056420309716296,0.7591566751082341,0.20733404604568986,1.1022825645880243,-0.6970730723601831,-34.544556919721785
-0.5098432421384791,1.3709890062911214,2.225944331738259,0.3269625954044574,0.33003511451031164,25.450415404640072
0.251484415021537,-2.2886200400145285,-0.7931173627076716,2.4124536795437486,-0.960504381633148,-38.02473257341625
-0.669325698657654,1.1305173352117452,0.2957374388461356,-0.24949630037917458,-0.16645972668369233,-13.742721703098214
-0.027848380506712504,-1.571750737493182,-0.5772256235992381,0.5311313733291978,0.15190052911452315,15.792130542059596
0.24099673204512106,1.2598753315170155,-0.8563028269952513,-0.9401565918724067,-0.39652373901631777,-36.441961084930675
0.52162522724034,0.6986502343077553,-1.0922179413406234,-2.010782268585878,-0.39256725796515246,-47.65010998722576
1.8287754293882255,-0.4800336568182954,-1.4954108752602695,-0.2578948596093573,0.10881527091421338,4.4729365204259235
0.0328087476137118,-0.7496903447028966,-0.53913263675299,-0.1931767015498399,0.7557402888945426,48.186540118665945
0.3200319320927313,0.16110632224167845,0.46675065041843516,-0.3405600349378623,-1.3032200826784146,-90.31240224922206
-0.019058213775291117,-0.4632358553132021,0.05343244068245901,-1.0136892725211915,-1.2775883722966503,-95.82017138853358
-1.6144609726998975,0.9448600019930663,0.06478573929391421,0.024214310140723196,-0.4347906467499012,-28.653907958331427
-0.3479121493261526,-1.980796468223927,-0.8877857476301128,0.1549474256969163,0.37816251960217356,26.807800928167136
-0.12824197402770202,0.5311783665356953,0.8245572195642364,-1.1460004265074433,0.04706609465849369,-9.148987064202718
-0.8128021008388903,1.577088212470096,-0.03057244436995809,-0.5038898877881488,1.779559084207381,112.9408137510336
0.8625960113284511,-0.4243176209779015,-0.9087632459590531,0.7714059486768455,1.0294388287827672,76.72240281658787
0.6577883804734809,-0.22841961629912938,-0.24028438286261147,0.484680287951626,-0.21941981576216138,-9.398181821448823
-0.7999136231406647,-0.05992800267109062,-0.3881541924822496,-0.3249349583204991,-0.7113063597427886,-50.783030678289606
0.820316498146901,0.490253085634071,0.3818486737966953,0.4132559710474977,-1.0829941296420593,-67.59070480784341
-1.6337960176527973,-1.2028883245160027,-1.2135236027544805,-0.3434178640825921,-0.8472101779585292,-60.01859992485399
0.2601329049387677,-0.04459939272557343,-0.03890530666380676,0.4740078672770297,0.7271748700204365,53.43552481942346
2.5263682403559984,-1.4956795162570162,0.7041110221415822,-0.06205312579833403,1.2591671296108138,83.06909216451984
-0.5189002044248521,1.1173053155366646,-1.0848560594614451,-0.79211502056515,-1.0455245570694658,-78.01398343042315
0.47232788618573723,-0.6259431149684574,1.570303911911232,-1.578530185941114,0.24395662390798445,-0.6902226388417212
-0.08904211949649969,-0.3297423647625178,-0.14251039708016916,-1.7323273320832746,-0.37341216285032175,-43.39279180890603
-2.262243635243806,-0.4292238995721983,0.2080695296299638,1.5148822938930058,1.6043263194156412,122.91812430546798
-2.0195400853867214,0.8840271974263262,1.5570100415321602,-1.6677798928842373,0.5880377487398128,21.234725238424847
-0.33118335017382994,0.4395502060313077,2.1815986289387745,0.2921216179508627,-0.5919081134723939,-36.231636803485
-1.3698595019529423,1.4099521383961462,-1.8491307272754511,1.1035037667283756,-0.575255994806118,-26.43069970776704
1.5069803585585295,1.4130855368652668,2.110608533588019,0.7510995977945368,0.30028432362080115,28.01643260379839
2.2697546239876076,-0.7421650204064419,0.8644361988595057,-2.5529898158340787,0.6536185954403606,16.11120774138018
0.33890412521594454,0.2790957643924534,0.4631303293186071,-1.0546284639850139,0.8202478373246812,43.24620640821187
-0.038243622806593144,-0.6999685201193439,1.2285018961237841,-0.35746566868569973,0.08713774995332513,1.964537998346319
0.3283012950007554,-0.8602624519575188,-1.0481704068254731,0.9387468756823101,0.6071116719160459,50.43084517002578
-0.42060635287266646,-0.29111314769557883,-1.1904557322929719,-0.4313032376956794,-1.737049554446876,-120.1341084948206
-0.5966708555383098,-0.42378824854947633,0.6795678657650824,1.4198639721964357,-0.9651066080644173,-48.9659122189244
-0.5070366321254438,0.31056471042047845,-1.3705719179606883,0.11187239689629835,-0.6757031433716509,-43.73524892651271
0.3517801106813583,-1.0840366206719345,-0.21954102833121325,0.5433118913875197,0.43904295767204254,35.01746195935699
-0.49498570990553453,0.8498770749115637,-0.09834549020237666,-1.5922294876526424,-0.013649200799110415,-17.96765824445079
0.583569926909304,0.20721739341095335,-0.6545701349975839,0.2477063784668243,-1.0182793255668514,-65.0609902061949
-0.8586683980979283,1.2579499429459307,-0.5874814673275585,1.9103425015880429,0.5537811944266112,57.29458823880832
1.428892424357976,-0.6904314293609605,-1.690997761809049,0.6220751965181025,0.8609732704959465,63.91952130042227
0.9291451477686911,0.7035855546433883,-0.4808453408727291,-0.7038590359904466,-0.7707843007065652,-58.79827704035882
-1.0578403249801036,-0.06455201895753389,0.6968713741003972,-0.9700794014053391,1.245376549440333,72.4229493287293
-0.036883530845066945,0.030546581040616888,1.0543249749040777,-1.5639046348397663,0.018627370661355457,-15.517795413416081
-0.40123470991118243,-0.9872866934576524,0.5969064812479539,-0.40129780513351004,-0.31665529505210693,-25.357131303761044
-0.6319037580051673,1.1813786012882859,-2.5591846663440965,-0.4438360931551978,1.0781973037142378,66.94406667621145
1.9608808125139106,0.8375479141463265,-0.8991129384265388,-0.39618544474981693,0.7510253041897702,45.69785244446233
-0.3627411659871381,-0.6343220936809636,0.3024718977397814,0.42833187053041766,0.06651722238316789,9.012736299898837
-0.4098545384398195,0.319649783134073,0.731551581862154,0.4968931448384696,-0.665041618158691,-38.90094597626432
-1.1041239857992617,-0.8087175319795337,0.43283762149999394,-0.020129103877537476,0.7750232632241703,51.32297191618235
0.20353970040461283,-1.510199643978141,3.3065743491105617,-0.38731343745685026,-0.3475845129154441,-27.264072330215235
-0.08081161294374097,-0.9583744802265615,0.04613505895568493,-1.5329210534301279,-1.7119701640942213,-130.26966112079728
-0.4164990824366925,0.9600477411499279,1.0547579251802828,-0.17781314370301254,0.25099811600832395,14.78606021355545
0.9240203382627826,-0.13864624371736975,0.7085199408280056,2.078229962808275,1.136592857715686,97.85009771429073
1.7025701522417913,0.18970261207999575,-1.3171747888057943,-0.021869908789079875,-0.2712073398901639,-18.26947355415809
0.43393896823028894,-0.4054724571406713,0.07077407590065136,0.7312936208403685,-0.3432350544551033,-14.98948471157274
-0.47057971311348223,-0.3820381211659721,0.6480404345553452,-0.4147876623571258,1.7564786430302215,112.36066498617278
0.15364446081566638,-1.6553440383096778,1.3674149824601585,2.2320163895251777,-0.10497970101895356,16.933914774338717
-0.9444462559182504,-0.46641909673594306,0.7863279621089762,0.9101789080925919,0.31721821519130206,30.84698795468707
-0.9933613754231354,-0.675593827630063,0.8449956030008372,-1.5579985281833963,-0.5070347697653375,-50.410774492842265
0.5922056816440394,-1.3920159165580357,0.3209994661848916,-0.31746221716007195,-0.9020719714130848,-63.38877818822482
1.6671592184603543,0.130981705570662,0.7735174003714017,-0.31590443582664635,0.04167751489210132,-0.6132349517114819
1.3047731862522596,-0.22227272995506198,0.15197519895579154,0.1950669227332314,0.36100236573525546,26.096521204639018
-0.01568211160255477,0.339964983801262,0.9318483741143037,0.698457149107336,0.00377088908626934,7.734403497764134
-1.0651481043840816,-1.1863820006817019,1.1404596739405914,-0.4695463585209111,-0.049610658679997775,-8.330052506381618
0.272110643262288,-1.118525872587231,-0.8935453982997023,-1.6924057370564578,-0.9462206203561587,-81.05651653901133
-1.0930615087305058,0.3960067126616453,-0.20829875557799488,0.6764332949464997,0.5765908166149409,45.590656891860384
1.6616518611847708,-1.2808067141489963,-1.176473154361083,0.5921490907817339,-0.7864684150712256,-45.95514225779018
0.21950955579304526,-0.9127834941352918,-1.9457030831639588,-0.5457119740177824,-1.8845858449794477,-131.1710314899454
-1.5405579718706937,-1.9892694661612838,-0.8601288762924614,-0.01932279197126341,1.0607149993421696,70.32996374379535
1.149379383367124,-0.43046191188579297,-0.08645528271104713,0.9494055237932187,-0.16325494883317873,-0.6839339312693387
0.622010464762692,-0.04217711271655591,1.0122750427570744,0.5019926638574678,0.6923288410819711,51.41812592438948
0.1926161100346126,-1.1090727317943776,0.7635414664859205,-0.5062735331744886,-0.48948241875503073,-37.974811346691865
0.10583464361677868,1.499491490138763,-0.5541312470844857,-0.42920929664647733,1.3752254204468972,86.85300196837409
-0.33379096035356415,0.3236257646091187,0.017515613278218337,1.269764750314304,-0.709854182146104,-33.60000090218626
1.4805147914344243,1.9229420264803847,-0.7474548114407578,1.9436211856492926,-0.41361898075974735,-6.680457150524216
0.4139136701102331,0.09725087697778614,-2.5933885647417103,-0.1835907634705542,0.3251987146870653,19.658457127582764
-2.3721938715130153,-0.37595996597125914,-0.7393953025101954,-0.2789816053030303,0.5298337834749577,32.244515072544885
-1.0987684566672995,0.2950757833018624,0.8978641732031214,-1.3817450094949852,-0.11244375601928822,-22.282202397171687
-0.8532384842753111,0.9378913720693943,2.0081492793769584,0.3295224421695356,-0.4258158663638689,-24.785856022950625
0.28267844916477,0.537396746876818,0.41227227166106994,-1.2637276218762068,1.6650494067904418,97.18467392068348
1.5522431800485608,-0.6006575576577885,-0.0722870075600049,-0.30496363785442043,1.0289354925948542,65.1561350720497
1.0725008472837532,1.697271698382945,0.4865783488274911,0.267483863058567,-1.6518170353950992,-106.97901349283289
-2.832011869908987,-1.5799305296711237,-0.06366148878954943,1.7108365825466556,1.4144150427290236,112.38868116145579
0.587259379399826,0.8126740421090424,1.2433193844551549,-0.8871809418450403,-0.9327890415064383,-71.53571683459218
0.7375215134138817,-0.2725327484877595,-0.5896977956993248,0.34002459825965264,0.8630171531510914,61.03339833868784
-0.09816121120593053,1.193611680749198,-0.1540723984248353,-1.913742670861507,0.6635615765913815,23.621644695310664
-0.7110405967911112,-0.06036249439233865,-0.6701258977272965,-0.29104146327302577,0.5541275783267697,33.730824123762595
1.193810490625256,0.7886293330657389,0.14947175855840594,-0.7880680345153491,-1.4406323431960173,-104.24508513282356
1.1029474030487232,1.1348981993525427,0.5485517784032251,0.7387053177945938,0.24934693561308466,24.496323760296193
1.042977594646376,-0.522619416398478,-0.008209882269614045,1.1710410646204883,-0.3265609776792077,-9.168979272476752
0.8801789120807822,-0.20690367616397173,-1.5706234086334527,0.49383677628095635,0.6433144650629279,48.071308773094344
-1.2796891732042395,0.06485610634357618,1.2248705641936597,-2.2396040586617367,0.4014990550902875,2.7031704659201985
0.7293463462804262,-1.6923704374741084,-0.5789181399432078,2.042072149826954,0.03811800017940036,24.414674240434337
-0.4932143871104978,-0.1066526736602251,0.48693730493993265,-0.9842090022728482,-0.1877949219748069,-23.033603744663303
0.26990435494076137,-0.5693120534701851,-2.7396771671895563,0.09395322938556872,0.9430460873225178,63.718741533310805
1.0824725539802533,-0.5635453097015977,1.9088834352052089,-1.3275238047834172,-0.6441716148314607,-57.06087495565048
2.3807453512197503,-0.03576807186022113,-1.6108784034499337,-2.8345545052747023,2.1167910214836754,110.39458289605317
-0.17392993030515583,0.8394906723176047,-0.011555520224301364,0.1346872623382376,-0.667723190916164,-42.96013561780334
-1.3852775837671982,-0.5247419549622203,0.8883388619968426,-1.0969249717331135,-0.9273629280729663,-73.42219217511193
0.6129523681830006,-1.7126293226824552,-0.47622443631466943,-1.1711903354341404,0.5917269751515682,26.80078148319071
0.8997308125715531,-0.23469435432292007,-0.48104402199403523,-2.810668054829197,-0.15065363802089335,-40.13338116146185
-0.11858662355009231,0.8621480568842673,-1.5422881507996786,0.5498568672963908,0.0008999266711071547,5.951303540313517
0.3843234052112453,0.5887424068075064,-1.7302760615500858,-0.9571580982754103,1.0139721541121614,57.17312253126539
0.13022097921572884,0.1437603112168865,0.5474259983284916,-1.6334345298025865,0.15534977981514295,-7.1708062441464975
1.1061914728510454,-1.620274102422562,-0.9205381630914402,0.38828881396824266,1.1159765280267424,78.37219430529386
0.5275973827743159,1.0085972868601036,1.6142495472802274,-0.564317909682489,0.227345950143481,9.071985825696014
0.16518306800196977,-0.9811016161982916,-1.4088909619684353,0.8531481644514044,-0.6047407961436175,-31.073866793335597
-0.7679485917368151,1.7140514697707319,0.037996013453515,-0.04648115603289032,-0.43355433273316757,-29.32916253561197
0.28005786003768013,0.4595849048340562,-2.123890018045559,0.05549222544380277,1.484925598699954,99.3413569048206
-0.7421521616503846,-0.807554041549866,-0.1894179288117906,-1.595777611441314,-0.13022316646672621,-25.757783105843266
-0.06174330145790107,1.5480668013787386,-0.7967753063063009,-0.7239287040586021,-1.1196282336804544,-82.21125511216864
-1.8059362626034217,-0.0037628171450240252,0.4448534381865086,0.5507886141027314,0.595423156763723,45.496773837156425
-0.3820254489503836,-0.14357951171632055,-0.8640449911023695,-0.30676577602700456,-0.40630313044506255,-30.305799523510736
-0.9379475952614882,0.7117852680970441,-0.2881314527267264,-1.4108233133803365,0.1649127292546986,-4.149700102038809
-1.1557924789632028,-0.1742921340664021,0.19867297014966484,-0.15630346833864264,-0.3088029093452499,-22.209952109755122
-0.6890484294179713,-1.5059113515713871,0.9008227642090298,1.9093426255571087,1.6638731244377296,131.10441377902845
-0.06312989997640252,-0.4042944206294937,-0.34228455976058164,-2.313201933697067,-0.3161415757497162,-45.80812679370324
-1.17312340511416,0.9693967081580112,-1.2704849984857336,1.8831506970562544,-1.3477590611424464,-69.44820194172374
-0.27429946342163036,0.5696129372942311,-0.38924079480423507,-0.46922227630417745,2.128395482538144,136.50970090171734
0.23914558065378702,0.5310425069780597,0.2066905117080033,-0.03331928284515295,-1.5308034973994926,-102.15464072291167
0.046361416687283746,-0.155507544920311,-0.7002084788825496,0.052346853819242464,0.9653596689691221,64.75679032941632
0.14346392807138045,-1.056956767945215,-1.718649876612095,0.19677009008735558,0.9696237292240466,66.58777548487954
0.5580818806186658,0.9265583009670965,2.5402316207591715,0.47706809235686526,-0.35595149304680634,-18.559028801478735
0.02875623771368626,1.7740563377039371,-0.9219676593093837,0.6218215275108925,-0.803239476184825,-46.752482874356744
0.7825788808419775,-0.3979120985908414,1.3985620921255355,0.17233913922918878,-1.649216974417132,-107.8255419513909
1.4206547608972409,1.3610418458941953,-0.8733163387506139,0.608672699339987,-1.3495463558765382,-83.22249113373776
-0.3767841091075349,-1.736241804300151,0.5569683168406292,-0.18954566825657565,0.4280281070213674,26.432754475000497
0.9508336970037996,1.0541779089389227,2.0347625440211536,1.2165777137429403,-0.3386821854453976,-9.487129440331023
-1.466424327802514,-0.8133642592042029,1.079618592036821,-1.6760038063299767,1.15233156478312,58.6718565354406
3.1709747732901796,1.0490931879200103,-0.15602389099728736,-0.7199405321418947,-0.8935744023141913,-67.13606094075598
0.6230101959607396,-1.3753019499454755,0.5956119532945485,0.18697060821328368,-1.0555312886421826,-68.18898180941046
-0.6795930425441441,-1.0634329381546068,-1.7974558043668976,0.9132019242521776,2.211304333239493,156.83512459721914
0.5979392060011154,-0.9565800088146263,-0.6707585162645776,-0.3600841185709736,-0.34969102444396033,-27.112404853777218
0.48878574264347124,-0.36843634332291103,0.363084665238542,-0.20859932222445562,0.29740566031687127,17.542278400415526
0.24461036132947195,1.02416493277307,0.30532075501249806,-0.060137885503685214,-0.8661687990074722,-58.24412607643701
-0.5186786872885925,-1.2920012510471275,1.3207943861279146,0.4331187294489333,-0.21018881379676232,-9.33678292639216
-0.15550430149173192,-0.5567897443633333,0.15614312453880735,-0.5838788148392763,-1.3309012815356902,-94.76023444641362
-0.3410792095360093,-1.178042323216892,0.490995172696374,-0.04249810979356378,0.8205020637264593,54.10761518409003
-1.4633450608335004,-0.38583150011150147,0.6797094410202996,0.3388541621827366,0.7780035433679287,55.36749661801282
-0.03495202238773435,0.11747498798796961,-1.6857280504675516,-0.4439600090394923,0.41820334865311676,23.053482587788736
0.5726133530407902,-1.0982894313247467,1.734572174923709,1.070072512070977,-0.6210826977013774,-29.836351970318834
0.6380240334954549,0.7930070706974274,0.12656880153077496,-1.461738342216723,-1.5487961370026657,-118.65598335886972
0.748761552370252,1.27765178536808,-0.7509349820524425,0.44916899178032776,-0.13130190748240836,-3.9188734437329513
-1.002668587369791,-0.9906709306271492,2.1982963386704926,0.5934659196032391,0.010185518712073464,7.036041181768589
0.6444520334110423,-3.116856591599126,0.42281857467666145,-0.6036204360190907,0.7088595753671403,40.67128449591575
0.10481160807228165,1.304213891849503,0.7386070289928207,-0.19928005491459203,0.6693924713925414,42.379060376217055
0.544144752358008,0.9541895808987649,-0.4917301080135276,-0.7083850523381071,-0.015779217120995174,-8.639323931099861
0.5620131059141816,-0.4015706755129159,-0.09126701972617592,1.2520019827530313,-1.1446926312425976,-62.70685242515218
-0.80385040403152,-1.3003468322183391,-0.7474731780653794,-1.4469403347558085,2.6205738460182393,158.763516098244
-0.49610233398256237,0.8299861590811032,0.29673317249411335,-0.3655510899860373,0.9380925409056455,58.46595962482809
-0.44816536268070806,0.09789614541262709,0.4524890926396464,-0.9327409107943778,-1.2630683491022754,-93.98727356715067
-0.6053545796354114,-0.8131170228331615,0.16349451684802313,1.7114889878999495,-1.8208161991253384,-102.74553159458853
-0.3263184621583181,0.5128364575927566,-0.46847604467972315,-1.348424319121701,-0.4015575444993436,-41.15110408485863
1.4314432470965783,-0.150595108522721,1.1453613996569152,-1.7338609803145302,-1.6406012051299412,-127.67663952514764
-1.6300026510237087,0.4080746493461687,0.7776072813422404,0.8303860053403918,-0.5216965249478154,-25.795351621224793
-0.7034000921928111,-0.10030170261183188,2.1600131083707352,0.9991498501973654,-0.9660631850440695,-53.537278925989085
1.2312535595933083,-0.1733502083771995,2.2948811662553914,0.006861198539497956,1.1242217344467607,74.83367795472759
-1.936279805846507,-0.05256729626954629,-0.5963140384505081,-1.188859257784029,-0.5068163542986875,-46.44109553114062
-0.14515181911507696,0.2417382882925378,-1.8246930632181337,-0.04587554920336953,-1.0570642914734951,-70.7857632591179
-1.0093409873804438,1.8585561885911028,0.4941030260139194,0.205656674019517,-0.6764278388428852,-42.778586181953834
0.4768983689222224,-1.3414967255830426,0.6119271927311578,1.4893559620744803,0.5213037482757137,50.62418122146262
1.2926460210124688,1.6264314909922573,0.9903228106559455,1.0147376948297768,1.4403036410176226,106.65188588850577
-0.7639064506388854,1.3335521621534268,-0.7138098179196208,-0.7888602568316244,-1.2830469592851959,-93.77422696275305
0.19782816784986781,-0.3234574724834238,1.3151376657209723,1.3426220105103532,-0.7399358529652597,-34.81978501066286
-0.07466797825114957,2.759355114021582,0.4811151263888354,0.3658487879168582,1.2978252669735855,90.22460694492361
1.5656158596460847,0.6821694828076149,-0.37726445548212595,0.5529638493955362,-1.0984222528921528,-67.11976251478083
0.07315271317349839,0.12517461169628452,-0.9912055484724832,-0.5773962487387679,0.7361654792450189,42.76809285798773
0.7899049417854931,-1.044816319379857,-1.2785138405206862,-0.953804420272564,-1.1644484538704645,-87.6547872233622
2.799707649086917,-1.0932261824597196,0.9079040816376843,-0.2100005391102094,1.0521534768386704,67.71760414625949
-1.506998398214272,1.285984007080293,0.32962298212773805,0.4047618120404975,0.2238435633129107,19.222314396109432
0.30627248830518367,0.4395223228337985,0.5555456030705429,-0.06794512039049865,2.3602285856534144,156.2259791003306
0.42258037227288275,-0.8244091213278346,1.6180542690002255,-2.1150560151878075,1.4053654387244203,70.7942393304011
1.6002678187487591,2.2904670705305388,0.540123026400494,-0.9196506900626618,2.6429357210147417,165.90023086922722
-0.7621145119224981,-0.2125230447703092,0.05989468311627605,1.3264616423656934,-0.964606424206264,-49.93341248313633
-0.1880897380496502,-0.7756641079399706,1.9026181983698311,-1.6196845653727006,0.5726270172050857,20.72523848360542
-0.9248930731004674,-0.5787085129968689,-1.8240795520803668,-0.9415456753157148,0.2547155366937834,6.850230278828448
2.631474301847841,-1.0694771107880592,-0.3556284234610499,-1.0853574422315326,1.0693564681247263,59.48255479947445
-0.5324376589989497,-0.7338167260261783,0.9396143935074498,-2.0492319132446664,-1.2566801281681221,-105.52513851642705
0.5529800124656082,0.7589958208274957,-1.1786166295998601,1.0662724146272542,0.378860328651444,36.618625430189155
-1.1741236291905046,-0.8065607745013283,-0.858530945152944,-0.2523779686841728,-1.363544010454631,-93.37908266982738
0.6941287081378864,0.1532884691324239,-0.41321702835180807,-1.007909803283898,-0.6758916940010166,-55.74572942320873
-0.65240858238702,0.39009332268792646,1.9559123082506942,0.3990463456401302,-2.77259275642665,-180.10038840782977
0.3995066830779558,0.09396829975542771,-0.0792093656717757,2.005891440375175,0.08165836317712996,26.922426481100988
-0.6600563201340829,-1.9686246897860202,-1.3322116545945017,0.8952602728899299,1.3749640663929898,101.02669336170926
-1.5429214471542902,-0.8425717017130081,-2.3137731131722004,-1.29636038827543,-0.09302414444422329,-20.075952041234373
0.2650406022393187,-0.9055357952194951,-1.5026503635097892,-0.16028622042862792,0.002353264490822149,-1.5609009331198191
0.2462227612764322,-1.218683829977197,0.499646955111966,-0.4190819928078221,0.39710623644977877,21.917091842173686
0.6543934208908858,0.00311041837128893,0.6834978189755714,1.4379410041001381,1.1606181443434915,92.58737043872813
-0.6599427051023377,-0.9402702359572048,1.561279598955807,-0.8396324471731914,-1.3682450953383907,-99.98385915759071
0.6620742889997063,2.171164949318166,0.101407146668211,1.0097118548117143,-1.0053118723488588,-56.03412938181941
-0.8903415323551732,-0.228171237410288,1.5095769579226637,-0.5349771426628325,0.45664246117475177,24.63445770245982
-1.3938723556292718,-0.44900875861009637,-0.5121814114444011,-1.534958100371853,1.1567810014742463,60.478980472092104
-1.84147189301925,-0.13359528863689452,-0.031223465872419077,-0.94040899715437,-0.3162630517722318,-31.107371331879097
0.35026591956203,-1.1932578334740391,0.9719702938655755,-2.0865100288551877,-0.590757152909962,-61.64102290917974
0.06085638452785779,1.3583818878710054,-0.33070907580706926,2.209805589290623,1.0166771199513849,91.28553445557336
0.3276231792347814,-1.5306162443986169,0.09942198670854183,-0.3937337116943893,0.08525257457038693,1.450579711539489
0.10086706325731179,0.38616637709836915,-0.6993179409720909,-0.5480871874725356,1.6531498325653209,104.06111057603076
-0.5028167006425383,0.18133842921782128,-0.43918952180214793,-0.5175190425104033,-0.9788298593587699,-70.6366532197167
-2.083592339294925,-0.8640481389472264,-0.9713423198333271,0.6917845285123844,0.5643882091047265,44.94367108870216
-0.237921729736007,-0.5973160689653627,0.23218103620027578,0.06326199420033171,0.1565065379653756,11.085426412033597
0.0990683630820022,1.0816517526446843,0.25483234534293836,0.8059806605109513,0.8046057241154726,62.14156958250345
2.6962240525635797,1.2980219723262212,1.1002843382203737,-1.0299352833089765,-0.34994336458910474,-34.3063269394154
-1.05747364780153,0.003222216443155699,-1.5914478754580315,-0.3611131347398661,0.6089623416545242,36.626522350431955
1.0544517269311366,-1.0707526215105425,-0.17992483581235091,1.8958891760305832,1.1787795711596507,98.70179616592304
1.204600466649178,0.13807164444560674,0.8893759081552546,0.5214942413110542,1.0809466698548873,77.4699606542589
-1.0225643912606857,1.0590272544419663,0.1971810551973674,0.5483281304979799,0.09866745381579567,12.43641379032163
-0.04260192849103662,0.4303788847830499,-1.6646980393889146,1.1416479454761015,1.274155027515184,96.96287300641633
0.37501991982015326,-2.2636603010358085,-2.3051668550435207,-1.0357477261952128,1.17782950470566,67.22750046403783
0.9138846582835071,-0.14948401214867044,-1.9370214074492393,0.7287815212615996,0.8855011096194775,66.69391821437222
1.683367281239793,-0.4802871094783759,-0.003622817236501294,0.07100880518802974,-0.49353185049503623,-32.05878649735806
-0.35811407547985674,-1.1476109448431353,0.09419230031014657,0.4128708204461747,-0.19839889682004574,-8.76970641471111
0.6417863943296603,0.6296114897054388,-0.4915523726498656,-1.5921950257634931,-1.4259504478403842,-111.88459089912794
1.5116393498843184,-0.7995934996704901,0.40955177823769134,-0.00041732641262016675,0.37415508597080255,24.876648091064
-0.7842213825343839,-0.21653287184982842,-1.519974459585868,0.6620053664519022,-0.34087441056947076,-15.574894319141443
0.4960009463439622,1.1285940645145685,-0.8824188185499185,0.9943943913154989,1.3191368763015756,98.37638978067683
0.08645252400759346,0.8783037577325304,-0.8869043262838756,-1.857483271594538,0.3825981367234629,5.540514497150671
-0.8900255517732389,-1.6415539548520128,-0.7161780572622408,-0.07925772549673786,-1.182103399308323,-79.45847359680435
-0.8868796038714377,0.7979131965667455,-0.6736641713091397,-0.4017637421265006,-0.4152313958216571,-31.91738327703238
-0.37514711666128386,-0.30224973045507003,-0.22425893425164034,0.6764607323616232,-0.3820089555778202,-18.155437792752902
0.13603121737437676,-0.21716311572416697,-0.7267120259827976,0.8261257084311929,-0.05775655837871275,5.010768925943115
-0.7669630350233283,0.9828412198173899,1.1389738106662652,0.2739575771740403,-1.3263784925081614,-85.26815602757664
0.7337234878550057,-1.6326947661508926,-1.7762050240100316,1.1760602764537964,-0.2509223967811601,-4.085274289811585
0.36559146022463607,-0.5843752753113219,0.2879154322152784,0.7794605312590615,0.18342864666752473,20.54946469593463
-0.7158649273235085,-2.4452274907787013,-2.3276040427011497,-0.7725985596624938,-0.28362545225651103,-27.13897759128565
-0.8076484876163557,-0.18505367100934153,0.05892558918162996,0.35548179274376907,0.8145198224878664,57.97396755423186
0.6641440493586505,-0.04727771569624714,0.12253131765330154,0.4160996344158233,-0.20090753320092672,-8.901934205618382
0.2816745574804912,0.02321160432527294,-1.3228117007830182,0.7324852970073881,1.9070558424177735,134.66646339473496
0.6041367404426842,-1.846531981664673,0.8020517387405159,-0.9831181837457077,-0.898321971432016,-70.27159714319458
1.1005582400486915,0.7292887472028639,-2.1992540453277196,-0.18495141706103585,-0.176782713326495,-13.737626767547308
2.4643219335153654,-0.22342611219469602,0.3424273512868276,-0.37754691905928855,0.8546427287124486,52.78806061708099
0.5048154563405017,-0.6516562090577808,1.4006890344430014,-1.0834266602642797,-0.1306203959951194,-20.29459811179796
0.8640523004976479,-2.369586905226603,1.412327706037443,-0.8887202573536308,0.9367424635352571,52.77066750520524
0.2387528704061312,-0.8052983918515823,-1.440992098506151,-0.6475380256858186,0.6439040735006152,35.88122083338046
0.39494818896224776,-0.7735128027607114,0.06530560533834807,-1.468366956464426,0.5764787030585525,22.602670929622384
1.2228774470534098,-1.2557748817415015,0.3982960861974925,-0.935127209437544,0.38182400961938384,15.371648791596318
0.3030110504561574,-1.6853821048712272,-0.7786754726576129,-0.8814470664684638,-0.24508175557685558,-25.742102498997397
-0.6219281582389458,-0.20239426286106618,0.21132302760997543,0.028408444639589216,-0.39806148096566424,-26.166499257901698
-0.1633989200064896,-0.22139049834706404,0.0634904803867693,-1.5858525751800243,1.0313191043566259,51.59051878685659
0.8915153199892447,0.5809325888538347,-1.0559593590689562,-0.13789969889870665,-1.5003532761643297,-101.25024696433186
0.4064154936762062,2.1338682472045374,0.9725357891425369,0.23958275985639133,-0.3698011663038032,-22.024569048078487
0.11907108087232941,-0.5955338743056791,1.505753238757508,0.6941767203920137,-0.21420688476595026,-6.806868424024494
0.27450362032040343,-1.9866602747821343,-0.765097168030499,0.28466415263569333,-1.4732338804915723,-94.91924737058265
-1.2266216593966155,-2.0473236130579617,1.0304382674156047,-0.8174930976162265,-1.4013472930393105,-101.94792540590139
0.5769345970532244,0.43163385281122324,-0.05010745879029284,-0.9669310884567346,-1.7317313464679263,-125.51945204956093
-1.9495717876297631,-0.05313833944148108,-0.04538336414627235,0.1398265977676514,1.7388572080107567,117.13128079770655
-0.7554627263656334,0.5080679093914777,0.9667680111664602,-0.08511560251940574,-0.5643010333021604,-38.43770045170982
-1.099970807569307,0.27441699528200864,-0.524939422913999,0.7837444936747278,1.9013400518481125,134.8355845724673
-0.4138039890496651,0.5369879144563616,-0.3010947865234137,-0.08234364679135212,-0.4796230150738065,-32.7769558625135
-0.5935203173475259,-0.8751547489139164,-1.2142172813593393,-0.7200014312908092,1.2424939128184713,74.91072384529399
-1.3234085832238809,1.4305568155799635,-0.07633908407864096,0.8833968424560664,-1.3004398566000828,-77.01339378634141
-0.028182228338654868,-1.180632184122412,-0.510805137568873,-0.8954665611936756,0.386902497859262,16.134310907108247
-0.5316059080114549,-0.7922866618061449,1.6815767162673276,-0.8402903954793065,-1.0068317522989838,-75.95710852705325
0.49949823346865946,1.2674116548186567,0.5249178636458827,-0.30769127736700175,0.26902407317624666,14.593193643213954
0.2989323795421111,0.3111094173047893,1.3199769038758102,1.1650388462800143,0.7131203165326025,59.90497767712188
0.44386323274542566,0.12167501649282841,0.7610377251469934,0.144043571160878,1.454273506962975,98.2517948787383
-1.1129058948716162,-1.037029343848692,0.08071989043386668,-0.8377762593852057,0.9091884953309661,51.484183967559325
-1.738331868174651,1.1364476270515151,0.27109098221586064,0.6133491654036357,1.8436999764775681,129.17684323480674
0.9388317263937761,1.2785291889846653,-0.5041320801637381,1.5445343659312922,-0.4137624937192986,-10.966029103367553
0.27464720361244455,0.6888966666079323,0.6436312754533384,0.3711725526490392,-0.9898225495471192,-61.84574708278762
-1.9585489551365387,0.15925046837370244,0.307732574679432,-0.5615787496032209,0.20727074697361864,7.766344023895232
-0.264781762781015,-1.46699745995316,0.38340280074718575,1.7716566677923826,1.0756032832132407,90.50953326484921
-0.9562584224322828,-0.5319938094111618,0.6563907508593024,-0.2527106720416067,-0.8688625468659522,-60.486586157213026
-0.36416980891575595,0.6500419730507697,-0.8436156065359265,1.483128627973814,-0.050082641464535414,12.560559093648017
-2.256250117810419,0.867665218013112,0.7650019773845077,0.7071347443209272,0.030386131464882466,9.597279709194515
1.801213990808535,-0.8152756611364586,0.597212504403425,1.2973420890928906,1.0013310173467296,80.48840739915462
0.09740016626878341,-0.3108861716984717,0.08842208704466141,0.18877859679382855,0.5238910238342056,36.86115618618719
1.5551140320590677,1.3660600684033315,-0.005927405833231806,0.7435535155083369,0.21035936662981292,21.955616772030908
-0.08328839569996337,-0.6783298378739697,-0.7371851695709141,0.6726367185680938,0.259832495003476,24.485713925776317
-0.920407632119269,-1.3811000860829576,1.0857972247059309,-0.4395835504794938,-1.4365413592691785,-100.23918873805385
0.21113776911919716,0.7492995550061996,-0.4110504458323922,1.3066060234568317,0.4496167914951324,43.89895567566934
-0.07418319534933172,-0.39916689226134966,0.46021477160510343,-0.07918750580583678,-0.5274960662887698,-35.92667241551186
-0.34069234387793046,0.5990395263761841,1.0450233755026905,-0.7803044065015394,0.2711127964467149,9.668264264859689
0.3994743352084918,-2.3488374199151116,0.8737310456606763,-1.1506056357540508,2.5544494187513775,157.5413634639038
0.37687652085089274,-2.004215715498915,1.0791947281124892,-0.6493379277303881,-0.02342310502145217,-8.514976226384524
-1.0007604902487501,-0.1527944634020866,-0.381735087240566,-1.3227331195217957,-0.4482827991587956,-43.9830401592065
-1.8184107066142372,-1.6018487535878922,0.04968521593657181,-1.593839508519545,1.0183730960488082,50.644039684314976
-0.09143773124951071,-0.5410467819196708,-1.3293365693342671,0.2377796334525969,0.9751384105786284,67.39389699639266
0.6079925094063973,0.24664895525244618,-1.0513903986600646,-0.9420935888731159,-0.10321275146170758,-16.957686251117238
-0.31204919533210973,0.33936596468119073,-2.892519821999137,1.0706060545877771,0.22291076922189032,26.29449337331051
0.0014710002454108063,0.651781261700616,0.3382254736851153,0.19272899649972683,0.6964386733914393,48.377812251433596
-0.11038929902688775,-0.7826291558275251,-0.9646120137337284,-0.11510746848722672,0.4574156062209908,29.18457841785365
-0.4066389699034341,-0.04028081832228678,-0.6489559274478152,1.127154514471546,-1.3248273699597244,-76.02340147643854
-0.8972370306825797,-1.0577538998724862,-0.8736306325459504,0.656463684255187,0.06585117910014719,11.412770335928165
0.1387452512901793,0.8366359871577495,1.1794199812026458,0.12955452054621897,-1.4059670811426284,-92.1079671156563
2.1235264229801736,0.2676708933607786,-0.0883731247324133,-0.10404881066897927,0.8812249464539313,57.486168513303305
-0.5472027440095443,0.6492105278342116,0.5443548782853931,-0.5177226421252706,0.22247557662871947,9.247354983278353
-0.2680033709513804,1.9100649530990337,-0.8612256850547025,1.8675589604265699,0.9060446582753853,80.26152063563718
-0.8391241905992737,0.8505306835234382,0.07912172392953508,0.09600420496977001,-0.045113303693334814,-1.971371238455703
-1.2493385148615423,-0.8576702045753997,0.13906415030468255,0.6343866731890512,1.6292757699588616,115.14315153670918
0.27279638953026414,-0.47074249818272723,0.1834502535815763,-0.5559850318789673,0.02673838267463693,-4.1790306890800935
-2.659172237996741,-1.1838806401933177,0.7732529774025997,0.7471883342046318,-1.188944955203736,-71.05845094630493
-0.03013330647762648,-1.524395149748862,-0.02266894034434761,-0.7244850747995447,-0.8029174114389668,-61.156110619875456
1.469358769900285,1.5327792143584575,-0.1871838500258336,-1.4543656745987648,0.04575851730144607,-12.539929534053382
-0.9117684848065235,-0.7381575979519863,1.3514235647482031,0.1997846214194241,0.9413479065104091,64.73974720223559
0.606497668529433,0.7689677404625888,-0.3381832687502097,-0.4075361282019094,-0.851446398614724,-60.987303584734576
-0.7899540601421902,0.5712266310085558,1.634405644919902,0.5370345476746549,-0.2868352081945604,-13.320319142932735
1.2740445379470846,0.8655251906712624,0.49097105518197964,-0.30713172015868406,-0.44903714144696555,-33.151510055334924
-0.7109470694343852,-0.20862566349437078,-1.651030727306701,0.8218730066993304,-0.17075027188828368,-2.5488202429054763
-1.7140461160489964,-0.2003534800049874,-0.14244541750936937,-0.9592553926405882,0.5383296032761768,25.520667574008733
0.6157716342353539,-0.30068611486952007,1.707713757875415,-0.8343493679865688,-0.10875854160691914,-16.172049545713648
-0.400986157896401,0.46079432770125556,-0.2563168936896428,0.21301716742988736,0.599369372522297,42.14013224063137
0.7613911674961069,0.49444544306178945,0.3749687247031265,1.3968490876314008,-0.4328272686104105,-13.816205374079114
0.40198936344470165,0.12691209270361992,1.7858704939058352,0.7065731681919482,0.010500020720820478,8.26884661281099
0.312633963013986,0.3636978927133631,0.3062033963037085,-1.3205253468280322,0.49908427567176655,19.04003519481158
0.9472242712937278,1.801449208620155,0.010257816959411624,1.3101965171995604,0.09143683319114727,20.118644307678878
-1.5706545936824716,1.1821020927663446,-0.09252812492373304,-0.5416783487002664,-0.8653023635241722,-63.345989164535226
1.0339569868127836,0.3036564735262783,-0.4736040569636581,-0.4533374321385169,0.8927081528737002,54.50733175903001
-0.8358560674816213,-0.024549423642379036,-1.1022301909070906,0.6991361537186938,-0.29875960056993595,-12.376442253080594
-0.6110659144951346,-0.6817455237079176,-2.083234501912948,-1.777043606376519,0.12949283594138686,-10.428983643504813
1.1318119568284526,-0.1476374145148375,-1.0942409530350914,1.0799312171425357,1.0941669914439438,84.33249592500339
-1.5669947108616025,0.03976673458649517,-0.7075056975105769,0.8214059370248112,0.6705704503109099,53.39356786890042
-0.9456157955562914,-0.37070400322045344,-1.3183958696447342,0.44971210023199254,-0.06727560892298173,0.3446614221630586
-0.14876615223367926,0.9967596428198156,-1.1335928256384589,1.5877615237453675,-0.6432576017887388,-25.764176243083664
-0.2677477975311914,1.3102646033833285,0.3741379978015835,-0.27793996726827935,1.3637425928273423,87.7101799132741
1.5632476222398208,0.27449907872931695,0.08044517528521182,0.02437209760575236,-0.016738288347449826,-0.8519518965966623
0.23562085796756577,-1.0952255555087331,1.5507206012024957,2.2993803999795928,1.030295627593692,93.15091032099012
-0.9330778408941012,-0.3995688603234003,0.5355105697391037,-0.7088498201426061,1.4515280169745666,88.930867864268
-0.6945678597313655,1.3263858966870303,0.298238174206056,0.37642553115562943,-1.0994007905841945,-69.07636018705621
-0.04140081155796743,-1.3597807255038137,0.42262862170882565,0.14844958138007808,0.5290452383344316,36.77180226498889
-1.2024753082044328,-1.308763514238608,-0.14244786878884133,1.3031809616484324,0.12853631685604816,22.510572375136082
0.015146785628840823,0.7774339337937849,0.5610028884976374,-0.2863182808100257,-0.38471785209355397,-28.65130434858339
1.7390650353862618,1.0706283304331659,0.34207483907677094,-1.4322032991369757,1.3404303179776291,73.79253454364812
-0.5759356075215347,1.745284572687594,-0.40510628946146127,0.3316903455451489,-0.16562878329314595,-7.460321606271828
0.2155530537886848,-1.7763886163465759,-1.6384236257417921,0.3191184000862824,0.30726478050559103,23.85215309955521
-0.9804592455621558,0.15706946285780823,-0.5363325211989141,-0.9090323262520912,-0.14517024419321808,-19.393601850623682
1.4498475253612189,1.2341440357800615,-0.8840147297480861,-0.3310106034017459,0.4502888306473442,26.397350529363827
-1.8923618933173414,-0.3550287310553741,-0.3004787855854223,1.9050636405600176,-0.014777219659844777,19.429187473048998
-0.6272990613145605,1.0747038579701735,-0.7043411390789783,-0.9992784708194048,0.37494836156108974,14.227071025469177
0.3563663971744019,0.9766390364837128,0.2082749780768603,-0.40317694697317963,1.2224450703824274,76.972112208775
-1.3457732671621208,-0.9563119970921414,-0.2941586240537305,-1.4276754120355009,0.3529338202576331,8.173042780114894
-2.0182818683542165,-0.5053407218978849,-0.9880966879686112,1.0374447967309102,0.15919176666881152,21.701905334166394
0.27522159888490594,-1.4536298763063145,-0.5108472982583961,0.04552197652342643,0.6320826033762621,42.52091261250773
1.1172834656881903,1.9887319185953911,0.19898949440518773,-0.20828510309499634,1.5743712374755716,102.46319501374714
1.4333525028819918,1.1149623229474022,0.6081564276006415,1.6692508063769687,0.30198921035755294,37.967366998199665
-0.968082117664578,-2.5412388076882246,0.5129168468277764,0.6234536094243824,0.8906716814313947,65.9092193041381
0.5595475579549989,0.029122145219122923,-1.1789442221216164,-1.110932224412242,2.3856216323424393,146.7394850826615
-0.0029647514383226645,-1.5064631659717183,0.8641213313776074,-1.6134230114988033,0.4646423988660639,13.611406876703601
-1.0905086674816995,-1.9405333971697167,0.15216419000569828,-0.4436027396060996,-0.6700232805994619,-49.309196998646364
-2.158068563961257,0.4760313834381145,-0.5654978063746563,-0.9988487960953681,-0.7401367907395136,-59.92091065245425
-0.415001671109624,0.17282467544035315,1.1404884241870903,-0.7410555334041294,0.060009066957123644,-3.949491177030415
-0.7917565156434644,-1.3629409472080096,-0.5609810031317565,0.19383173692841307,1.1320051336773298,77.35457175139287
0.1465612178195722,0.6083219326593531,0.40432291115965197,0.5680582929035042,2.596495281153555,178.75207084339152
0.4778085626164694,1.9740999482418995,0.8732730483007036,0.19785330956715308,0.6021634895760638,42.16346594135398
0.3719555515649784,-0.04561428277485917,-0.5764546529569822,-0.8756818272205503,0.613981308469426,31.446918433960054
0.9409176145751134,-0.39121705217401626,-0.057469518465394644,1.4111720638896117,0.7858038268311726,67.37559567350092
0.3114470715541555,0.47043314484648185,-0.32566946882017417,0.8672766288084278,-0.8483205228052325,-47.120412654981195
-0.6576580038247748,0.20980693090091096,0.6001668782522922,-2.7162803092175745,0.4511407898571997,0.896957294231953
-1.0985707275553296,-0.5494985463040403,0.2258404786026901,-1.582685641802789,0.9605572244572284,46.91882260940504
2.383144774863942,0.6350314368921064,0.16667349537252904,-1.4912575927056055,0.4393917012645369,13.241193819215036
-0.1595734381462669,0.6937731526901325,-1.3467175057975553,-0.4607197873885533,-1.3342584714027534,-93.66389452045915
0.7210319212928965,-0.24255625950226256,2.2896278525990423,-0.9458972264573235,1.044608023710358,59.331046970946105
0.6512100079495287,-0.0918110301344528,2.662726713718078,-0.5481374677891694,0.7257553441912135,42.38931840387795
1.5190032799361455,0.10665229450303212,-1.0051444309566715,0.8183537308271613,-2.3536403996904136,-147.74759123479134
-0.19871506167079867,-0.44791483841554025,-0.20433893690304725,-2.1433080652386884,1.796918522574928,96.52960924379113
1.1045544214720489,-0.4084554316741083,1.9098905619090114,-2.084432135361529,-0.006937441205922597,-22.79505061974553
-0.30274601690425323,1.4156562261746801,1.8552462094204791,0.1408106518782359,0.4734882616664622,32.995444520822
0.1506981437872181,1.2639302023631946,-0.5157565452853529,-1.9058178747999275,-0.5680857202871936,-58.197352546735196
-0.876531851439786,0.29377431076575306,-0.3930763957934435,-1.3301944123244955,1.5068007289494436,85.94905821741449
-0.20977058197588844,0.27390159094715666,-0.7478616721418614,-0.4499197782117475,-0.5464591314123372,-41.159929147491376
1.589922991397278,-1.1298772293938264,1.1204641498590484,-0.9759209971282051,0.02413016612085244,-8.851892987677804
-0.17012230475116602,-0.7847847290606281,-1.4091847815561631,-1.3655527269208718,-0.20238121371907244,-28.08950405475553
-0.23580420538372476,0.4705489111947673,0.9622223812117248,-0.3600297328238711,0.617493881567841,37.205473482867035
-1.6812884503233294,-0.8574284009369552,-1.372629648387735,1.3567872450534693,2.014014092532142,148.46823473049523
-0.07903467741059399,-1.1995179476375635,-0.28341000915465736,-0.38443809593426403,-0.06737499858532929,-8.599476730217042
1.3821818883931385,-0.41021869278032874,1.4863992534663846,-0.355494774608452,-1.1974276956385663,-83.43728201388618
0.8758327615873309,0.19429293804577166,-0.08593076697161273,-0.39522898265435435,-1.159420516399913,-81.33555770276928
2.2542836988049624,-0.3961231977514495,-2.1630976483961257,-0.17482337161776695,0.6799440061159555,43.342773884243236
0.23345807966231802,0.14410648512323182,0.7920414984229742,-0.5473555742986664,-0.5507994257068402,-42.49253540575347
-1.860821173997107,-0.21049814902635644,-0.2703637915368669,0.10781628703747095,-0.17355244904190487,-10.385946993127229
-1.5182067051894348,0.30345193259462955,-1.4191855078936442,-0.05324304212791322,-0.7734995824944583,-52.007796126935276
0.027762131625501486,0.10571999546715494,0.44702415688567826,0.06763423006691976,-0.46302175410905094,-30.066037872622214
0.9921368285185058,-0.6255570351092533,0.24660218626133443,-0.07565047058842289,0.4209182841756566,27.180288651632793
-1.2791611070282582,2.3466470305265617,-0.8047537406378693,0.24614778868484416,0.8635196583813146,60.060968616217274
0.6343402407252743,-0.14048346443434195,-0.507693135936576,-0.1592295437005033,1.1579405294066338,75.29637582902903
0.09647914260523575,-0.5070599561429888,0.5220832533528241,0.15579393073158895,1.5200035175007434,102.74870615767526
1.0069338249190907,0.3004783719254489,0.9432737373252609,2.0060264001769927,0.3040466665196556,41.71257957258931
0.221090902956591,0.18431483979862612,-0.44172571221774953,1.0194852316393146,1.6428092343923126,120.1692706617191
0.2400569292967187,-0.15901225155435933,-0.7436721747008731,-1.216076580745861,0.14067190330796092,-3.675082422974434
0.02862050418778282,-1.2597873434052702,-0.04001872535163292,-1.5200392851920637,0.41785370321732596,11.5005457384942
-0.0285288698344164,-0.30937759288336136,0.28479059913436316,0.8864915393596159,-0.2721317560182082,-8.598279138641404
1.5105247319832755,-0.20138454328274422,0.945538789447106,-0.5262433407727581,0.18209977880956646,6.471090030988565
1.5427963382930518,0.5707885293815738,-0.9448701973880109,-1.607676579043177,0.4561636113551334,13.109142229190834
0.3233565314802586,-1.0272968770754625,-1.012673123768591,0.32579961364062554,0.12476952104321241,11.787898882879944
-0.9378802311514517,1.0645851361278518,-0.3615992807816198,0.35950439957101016,-0.14456681693373594,-5.76169717943146
-0.07760796518294945,0.4340830146473118,0.41596392711637764,1.6354812902815936,0.5289262473107065,52.69673793560017
0.4614688774411399,-0.12004112209610802,1.3363861823227936,-0.26800978339811193,-0.496608209729517,-35.895788237591816
-0.21162031696117753,-0.17792734612129257,-0.31734888081902757,0.000340957933682014,-0.062204800659903636,-4.132933841028369
-0.32196267488288305,-1.0595255741309864,-0.7251887020881638,0.18668076046288756,0.7437629614008845,51.46004889095785
0.05616534222974544,-0.31155253212737266,-0.5788496647644155,-0.6848100909403132,-0.8707971491818818,-65.24497916842438
-1.4723229284664896,-0.4003488150134234,-0.10039350340136602,0.5319746390071913,1.2605688450421493,89.52703488304051
-0.7290446587946957,-1.7815628557055914,0.19506969715138117,2.011256681463137,-0.044595426455857026,18.584100867741434
-0.42870206558582885,1.4622141707804195,1.4315677574492909,0.8179776072548057,-0.2789142751032398,-9.78340785038541
-1.794229271489721,0.050954277011289496,-0.8589199078076716,-1.0612222874459092,-0.2224770102429203,-26.165105954414102
1.336527949436392,2.16323594928069,0.8235041539637314,-0.1715463312222481,0.7717905512136674,49.48563354542766
-0.43592412295208854,2.5481126978151902,0.10205979106406736,-0.5717190334784398,1.0294089182309158,62.32945846624368
1.2818364449277098,0.09990505958835168,-1.9408824281905628,-0.15059865418995214,-0.7210639967808063,-49.563976618509365
-0.10518955552391411,1.3417631912731982,-1.4451511612028236,2.6572730491141754,-0.8186072750797138,-25.96552351877257
-0.11422555145018021,-1.0793431660249952,-0.24679355778875178,1.3185510180908366,-0.23929659114234414,-1.7854426520324278
0.9836361957891795,2.19089801323984,0.08617684238012002,0.10058120872896319,0.5391612741141966,36.93162620779174
-1.1280113314700069,-0.26773353689396645,-0.3948495140334503,0.16092816829822298,-0.19065349358139935,-10.954088663226527
1.5263067331753781,2.1473651651303305,-1.111378547855891,1.044489450050803,1.6333490613079686,119.8080825413115
-0.2927120959421425,0.3619607107010485,-0.8716452127708096,-0.4298055100406509,0.06295935526390484,-0.4184002629673733
-0.30230275057533557,-0.3873268174079523,1.2023798487844113,0.15634896910398005,1.2302906807277207,83.48889944872454
-1.4797956153243483,-1.4834915533680013,0.004174999082500307,0.27919649251421025,-0.3770512062727785,-22.082250355542527
1.3423536912579532,1.336235090812621,-0.897409503631337,0.7335948682293696,2.0118642631265615,141.6480576574186
0.3169426119248496,1.1880297923523018,-1.5447710967776116,0.8443629764015471,-1.0002153473895647,-57.4668489236088
0.1512364376599327,-2.0715235874106237,-1.2562873007868873,-0.9477403648854545,-0.5394351098536844,-46.026749849326116
0.335844721405313,1.4028447401002433,-0.9108503776386525,-0.9467404109571895,1.1483505806911263,66.22083898417279
0.1501152270061292,-0.6429525533528905,0.278081047967944,1.5470314969908445,-0.06028753363911904,12.566628367571425
0.5384370003545387,-0.0560994733409029,0.501799753807639,1.4867824740856308,0.042779719883566894,18.77500730650456
0.1416671648715303,-1.0356057313844946,-0.8633555813417826,1.250569832543435,-0.2345380349087504,-2.1973876990166072
0.13317988510928516,0.7965607238585666,-0.05543902287903261,0.8139379101673242,-0.5943319714745705,-30.801804856495693
0.19939707280548574,-0.3795541206458599,-0.17724661618939888,-0.9505179454445303,-0.463996423330844,-41.039876719062114
-0.3030982534240727,1.3852615467222305,0.7243685048699644,0.43310795315134365,-0.4059417271884834,-22.354365804968428
0.045134015432010274,0.2053325637779597,1.3250140528868153,-1.2986867221630902,1.2760753460061875,70.94352982671856
0.41540062617112683,0.2843145189979445,0.016338084112892493,0.38141625420917086,0.0674922572408068,8.574896750894926
-0.014857703354702717,1.6961815728281606,0.44819528442331247,0.7726948371023817,-1.6615982911145637,-102.21636289511271
0.3464944420067607,1.1452621730192247,-0.02579855825448711,-0.2200757798203556,1.3086687523521792,84.6677857045023
1.821915097860406,-0.13043973378332732,0.7706730544633433,0.19286395555038602,-1.1570172808158679,-74.87460330075652
-0.17908240519380295,-0.6467920155914019,-0.3886429734726365,0.5267817052573492,0.10106084435747183,12.36471316436494
0.6265642507453606,0.03890870585621503,0.1712435451522125,0.6572676903047773,-0.6470535263827593,-35.986409019005166
-1.5950626401298995,1.8989210228764966,0.9588875887899703,0.859492135848682,-0.7415559723866658,-40.104032512505995
1.2229647619208388,-0.5530619110683829,-0.08154851334052744,-1.877312818056097,1.0883352098095076,52.25920025028469
-0.3474506524985633,-0.23421580134453654,1.0963468456657985,0.38273243001226814,-0.03424228053195387,1.823704855969749
-0.31197610791621294,-1.3780834670640771,0.30833124595934525,1.5927707544174836,-0.25857263167677125,-0.12915328870096943
-0.2918373627478628,-1.6164741886510325,-0.35343174875719907,0.5672902778526694,-0.2226751005151545,-8.729529209881921
0.5270042084546597,0.008627898917576322,0.6168865543932788,0.19655740072878491,0.3547576931132181,25.697223481479675
0.2348215259487319,1.0946383747120914,-0.7886692545093662,-1.4449401990733717,-1.2105429941233516,-95.98234020417658
2.014060154918468,1.3891453156779274,0.22558166356880352,-0.6579260925367952,0.9688826385630508,57.38082392326268
-0.3533668887153445,-0.5576874600255095,0.4986546456485496,1.2459462568310147,-1.4366406646845815,-82.18612979977739
0.35715366130773174,1.0652247089781406,0.6801457660218329,-2.163661012816362,-0.4403622132138493,-52.46647393629246
-0.8859664820409529,1.279812020628022,0.024290914137780388,0.1841812647035463,-0.3416780975958806,-20.748000616786253
0.7790512201329916,-0.3634377801160514,-0.12656933163938985,-0.6378405564735843,-1.6641729851661735,-117.50080502685567
-0.22612246976395622,-0.6088151174171313,0.6335339024604004,-0.7263658321861022,-0.17245859668145705,-19.251077209245636
0.49661519848385155,0.9244340219585094,0.4195241084261415,-0.0365972929162469,-0.08422329652739403,-5.992928481935462
-0.7644020289908126,0.7504825372530398,-0.5749878373674678,-0.9360094985442665,-0.19655724442099343,-23.09985853703275
0.3960865849565602,1.4229834965161061,1.0170209914132446,0.3930629339800916,-0.9389815726777853,-58.2303032505268
0.7415510509596893,0.5698443178000909,1.4146097426889708,-0.06472838461539308,0.7247491503292603,47.50190902027895
-0.38487980918127546,-0.7306777528648248,-1.1268258087567435,-0.13370155966843916,1.0777438059762627,70.23685562841305
-1.1561824318219127,0.4160500462614255,-0.5428614760167177,-1.4240609089825316,-0.49331988336219407,-48.063662767791776
-1.7410228083589014,-0.2916419863518446,-0.3752224007606727,0.5400944605248059,0.7324240097548762,54.49267679871616
0.022959755607951444,-0.852585847170647,1.6819217400731377,1.7358789976857132,-0.667712720570559,-25.80341960107546
0.6176608467347872,0.46387276522851956,0.8919675819978965,-0.4383561661667591,-0.7431524811887656,-54.11603640706295
0.26110618156295745,0.8406484781380934,1.3248682714787203,-0.10100251730537643,-0.587375066549224,-40.14233257259582
1.6834579486728931,-0.028683237497593085,1.452877765517057,-0.4637044471339729,1.2061246217621702,75.23828699885148
1.866683148331627,-1.3730535360419285,-1.6064396894498327,-1.0117740841054885,0.08496813703770767,-5.190348452501335
0.09837790681547566,-0.08837552319915497,0.22246316400860677,0.2098494779230553,-1.2406245995562275,-80.25245480108788
0.5140041798160635,-1.261491746790615,0.0023851979152351623,-0.2833977744562524,0.8165348797737704,51.26267239040565
0.6974097032117701,-1.0188855993559092,-0.4468710650532969,-0.6428512989625678,-0.586346910920234,-45.87961674983254
1.8258857523076941,-0.9185190764701048,0.4006403668095266,-0.4886947159180835,0.4099823559489672,22.027479389488484
-0.08059851615012545,-1.212515744488909,-0.19240420779590675,2.079176664795037,-0.9074659814202977,-38.06861358094925
0.03812738409493465,-1.227636420410408,-0.14268771207346503,-0.029856121636366265,-0.1181707843665918,-8.178190357504661
-0.07785475594085076,-1.0180418752873648,-0.5142339659399888,-0.07392466628041514,-0.6585529668050037,-44.58549960123424
0.5898798207345195,0.7679024077327037,0.03700572191014953,0.453781912635684,-1.8297404110045314,-116.81472950086935
-1.2897313485426964,-0.41234544828986397,0.4591159461848912,1.6632302337974796,0.9258661960884993,79.39035600395333
0.41059850193837233,-0.10321885179355784,-0.1513572082976979,-0.977277879876411,0.9500884175255894,52.70931307604537
-1.1690957473220271,-0.7688491596748099,-0.5139029502799155,0.5670582125201824,0.9882405737426969,71.79324986683716
0.8326507394644783,0.6783800988404703,0.9361291483110824,-0.45582534779936884,1.4261587520192662,89.95486362789852
1.509508919131059,-0.9203095152494392,0.6110578840796482,0.3170981661632435,-0.6062513479848161,-36.91784245453403
-2.2315376387217634,0.8110896766545227,1.077314881367669,0.43618709534169425,1.5714630513097227,109.17501999450907
-3.0461430547999266,-0.39238899814963674,0.4453932508947973,-0.4706376581547914,-0.216949569936649,-19.469696252167143
-0.06713415461452177,-1.6324233020679833,-0.31754309393019925,-1.7913275480411837,-0.05858655113386085,-23.08921127799522
-1.1884244215830193,-2.802202798391713,-1.4166034824256406,-1.7441877565539552,1.660607559894514,91.74138801627622
0.5462718669437655,0.8123335893418311,-0.5069066148368306,-0.7195738559179508,-1.2305460456453867,-89.54057203610958
1.33531627679859,1.0847475766377048,-0.6808071048007711,0.3889919450030478,-0.7620389598404272,-46.5073298260708
-2.2414489678050935,-6.835257171676114e-05,2.6673220888841764,-2.330467257653145,-0.5678032876795234,-62.72849023508357
1.3014280716647608,-1.1791579306376878,-1.567767724308454,-0.5812684768603252,-1.6326345262344952,-114.79737048750165
0.10233584683421988,-1.0331647752913673,-2.1481184782308977,-0.3781780468929897,0.8528890972688773,52.66468279455688
-0.5109261812322631,1.5885306910975325,0.3903649435086224,0.7708369604049367,0.24316821540249173,24.429717570590874
-0.13580984264368653,-0.8886452830916367,-1.1385678703154767,-0.14958950166699497,1.0726360472588732,69.72696045800666
-1.1573552591908536,-0.8909150829955279,0.2745163577239395,-0.7196043885517929,-0.8129929885540773,-61.77383701480444
-1.438854164846784,-0.22612372635453487,1.3992299246853508,0.14393723437953654,-0.9477243177250659,-61.48095649790795
-0.06149476428488614,-1.2663426769629542,0.522557601998812,0.4820806086722011,-0.05488818475438849,1.51523212999237
-2.3817501376950627,-0.9396406327956308,1.0056501624766825,0.1397872466992235,0.24389236053274524,17.716470630757428
-0.5196042391018411,-0.30958091218045464,0.8761147661252163,0.6195428242526874,0.8924890045566711,65.98816811926127
-1.5374376099035225,-0.6835675448918394,-0.2712600152319244,-0.5733674005671929,0.42488948686883665,22.111567708386573
0.663258089679174,0.34816923524180865,-0.06548837514448298,-0.0902438496657506,0.7316589270303925,47.68801933296769
1.2016978556675064,0.4066570874668812,-1.1980928801910382,0.9361075501096976,0.8091802968531627,63.84002499652885
0.8547312664723766,-0.2614903192380511,0.07626311007575626,-0.24068715267410348,0.6184217088551215,38.54587338567296
-0.2040078724765029,-0.33275876457522374,-1.2595961687997215,-0.8383111556987011,0.5614499095511267,28.35401684490903
0.7772769637679554,-1.1343115937222275,-0.640725724190199,-0.7408667042040726,-0.608291150081495,-48.38908647035044
-0.039267991037953184,1.0415683888185818,0.1546688336463322,0.4140913537935951,-0.5072344618949226,-29.294034190430153
-0.9880019424937344,-0.10434349149469264,-1.2845522979925272,-2.245321648371402,0.5640085350738091,13.4487054705363
0.17742614225375283,-1.7262826023316769,-0.813146282044454,-0.672460447775951,-0.3595531615405413,-31.11519797441403
-0.587218564024521,-0.021911236145525564,0.707872158693135,1.712724930895694,-0.6872970225507311,-27.35385053019845
-1.0170162016248128,0.008554926006310748,1.8370806878677441,-1.0925408143911377,0.124118287733827,-3.452261394889245
0.5833680068212987,0.5082991855939731,-1.9434568512868227,0.23868157093183537,-0.11622243953775185,-5.171370792070386
-0.7623615367276093,-0.7303570955579599,0.9687443931111454,-1.5096616060682988,-0.27739139174310984,-34.62170123313845
1.0399917847066875,1.1772320543971655,-0.19353711101102694,-0.029294403574919636,-0.29233867585114426,-19.754246443012423
1.3141544338139488,0.5108748218924175,0.89896739458806,-0.6285575802445897,-0.4870914317118235,-39.12602825520967
-1.0094005802514316,0.10475504426223023,-0.3103108495792165,-1.3322954668548208,1.8904037030816556,111.43594562239207
-0.6260582718898234,-0.5869026451800015,-0.251656358946396,-0.06611522595320368,-0.4224987168254349,-28.804339666571465
-0.050603540961665895,0.1993001968964652,-2.201441285500558,2.0210435614847975,-0.46886418796679563,-9.524690327105109
-0.49148501998831606,-0.22262125908943045,0.5276804771962433,0.14301667429456055,-0.002557095205001199,1.3623111951465379
0.007617498318158107,0.8962484253561593,-0.182904980856951,0.21524046763961147,-1.0063655216785503,-64.61658544793124
0.7199837301431654,0.024612125247911617,0.7231004937377982,-0.4513030371025261,0.2656879749662359,12.832612074511122
-0.292459623789675,1.0341053793170707,-0.24093674651581024,-0.09323770074101535,-0.13953793548613924,-10.278198790938246
-0.8656336415860264,-1.0544458238911605,0.6703916888478308,0.37450028724228906,1.1550264345834975,80.82125527054849
-0.5436940296827768,0.5711098221298226,1.6184593242319745,1.0121331898223096,-0.04413971884780624,7.9092647782805106
-0.38464542314251776,1.5182611703557054,-0.2420198298702195,0.2134800489101689,-1.2085736537332212,-78.08218362571593
-0.5657813285456108,1.4509518140321274,-1.4192340808146706,-1.4561644487230898,-0.45028183481313,-45.54562921348652
-2.113931948675743,0.2572713594988108,-0.5391194348611356,-0.9516835539067837,-0.5515766875958918,-46.87640790860879
-0.7917192877228303,0.6253554293826843,-1.299395463382525,-1.7141646874325451,-0.04964157077787356,-21.667610791687746
-0.2127402802139687,-1.6138978475579515,0.7774903558319101,-0.4380743016111864,-1.2527953600499262,-88.00400400497907
0.8252167223304361,0.5284387653161191,-0.5086752518838716,-2.3688034526331565,1.3221941582008025,62.54460724224307
-0.653284701927889,-0.6296504269401813,-2.1789315201949093,-0.9768953867353252,-0.5895799225452156,-49.673736345863304
0.9214083978105813,-0.6023318535828621,-1.014825907734441,0.7303517903770194,1.1045784735714765,81.2792742174513
2.188618678822837,0.5979464913921806,1.2834550362665254,1.144553535284558,-0.018767055539892923,11.01535575553867
0.6878813911747546,0.41704350296760356,-1.2037351921997794,0.498726958311932,-0.7379317802412299,-43.728455572844375
0.23622548956828351,-0.3232886362555003,-0.018429050193367217,-1.548471050728461,1.311427126349951,70.618082792805
-0.6958351193495473,-1.8300285504278102,-0.4034591834208012,-0.1888347802177838,-0.4122717546045429,-29.439134537482374
1.4148741359224224,-1.3128496745497917,0.8246182196384677,-0.4468362536626212,-0.18375573024999226,-17.007302189699388
-2.1292456715314416,0.5677076278581439,-0.30687296098864375,1.1878939003598135,1.016027392598705,80.29302264920184
0.0386305518401881,-1.0225068436356035,-2.2555642294021894,-1.6981058194322545,0.3872804753950634,7.559542372350624
-0.34419645646738123,0.21839707312993703,0.442846113746739,0.15647625694629896,-0.2163439782957261,-12.710192744597554
0.40565222980465354,-0.8527142320673834,-0.42770925305757607,-1.1748201009950612,-0.12229235803258051,-20.72002582377897
-0.4248804445350682,-0.10252948077082732,-0.3381205430474389,-1.1247027147637332,0.2820853995153045,6.707870068334243
0.12916217424037618,-1.1383239582150162,-0.4582291537024826,1.811505704820246,-0.8690775859999118,-38.38377416485386
1.6085221559487237,-0.9526449528153877,0.16066118981977281,0.5023282400747796,-0.8622669997532367,-51.958097264500964
1.3925184494342724,-0.5100295397556169,-0.17346389707287913,-0.27682299477388833,1.123905305614439,71.77309229467116
-0.7099302410695836,0.7588295490231017,2.1101535242189025,-0.5829433945049773,-1.552680541059164,-109.49841781719445
-1.1390081931169653,0.6479677910098883,1.584820527349018,-0.8963697225521802,-1.962732009140752,-140.12484454966636
-1.5482543228490424,-0.8215498256031326,-1.0060368579203915,0.43077113494564145,-0.14989159173313932,-5.352202245930534
-1.4061047713910109,1.209850126410305,-0.39079799608101357,-0.08561495423049709,0.25233143138452124,15.862585427658816
-0.7657021944780863,-0.13298842230959199,1.7549861537420586,-1.1776289624826308,-1.1401963009349616,-88.44020677850719
0.41060179132004765,0.81547196924006,-0.01345146935738968,0.15217697558826634,-0.37412632026430587,-23.248701601518118
1.6090449758864793,1.0651326411898605,1.6492482418776502,-1.098416857661531,0.6897208619605294,34.09705797351092
-1.1268408553685338,1.6147963790860258,0.45239941810369594,0.6244473192504323,0.054561384704993526,10.31896449191367
0.6562706609568888,0.9939022358478347,-0.8709388906246184,-1.220808861418892,1.3649389996008265,77.68734160784453
0.8097407308144474,-0.913594509977107,0.3759274257674802,0.2522707806121254,2.2856011815280666,154.69425880411367
1.7195893074161945,1.5199948607657727,0.14206180518723566,0.6845011068591904,0.3708250012811021,31.993779507144072
1.327782695957983,-0.29039710080386677,-0.6963266538610828,-0.7049213525074449,0.6799748442451024,37.66507293783174
-0.8515225844037914,1.663038957754906,-0.21449510648859024,0.3383155392256595,1.4467920739203228,99.83581663091154
0.2172666846933302,-0.8862208191746166,-1.9959768691567643,0.05227895113430126,-0.3597445764761596,-23.36268364222519
-1.228094832615539,-1.92070559892993,0.20431859061611557,-0.6009569793824571,0.7064716137023735,40.54102397205169
2.9799761717586537,0.027098976459316197,-1.2429443054863802,1.5246464307996173,0.389194840661617,42.21712809579297
0.09244773546980858,1.5309323510288246,0.04253907402979072,-1.4513384981910251,0.02185735821987137,-14.096909463498418
-0.4957954945452093,0.06606026178649259,-0.1550358081183258,1.390533967073938,-1.6413486088230291,-94.24991250746521
-0.745023216807689,0.31403384364714554,0.6289995874568216,-1.1076469009010301,0.23497719288905192,3.7579437714491633
-0.8322906073812125,2.1209624053489393,-0.26051296123166656,-0.33157689521452005,-0.693308894624811,-49.65737380770354
0.34697901989508123,-1.037881305610973,0.6633691666174051,-0.7808196377123294,0.7246446873555781,39.82237979348132
0.40713033108324814,-1.1046901472056094,-1.7997711814667445,1.4977150273195634,0.565267202536451,53.637291643859484
-0.4802420417382233,1.9470986428203578,-1.3651628772251687,-0.46931073627910674,0.8756956787795067,53.20486456276021
-1.1265894258719975,1.2098372221840976,-0.5362701440867851,0.4727896560219311,-0.5270916102240418,-29.98559945090623
0.7856812957685704,-0.49346002106869596,-0.1067149250049791,1.5493112604678523,0.2928569206424722,36.074978382107105
0.9106456722299703,0.29871365999200894,-1.6480462063661798,-0.2554707861877694,1.6857923026593036,109.36706567372248
-1.8158888445178238,0.6440016988949112,-0.5832112948159864,0.317328953702337,0.6126807853910978,44.14298625588882
0.6052213583318579,1.057957561481885,1.7476682304976985,-0.7469163370632707,-0.004841661335047561,-8.324826807745206
0.9156034382368172,0.28169651332344753,0.2796890697140307,-0.25496220842011824,0.9568085535656985,60.895472865740096
-0.20080851399566557,2.6805708407690005,0.9076987979878987,0.04985726659982265,1.3480357804247187,90.17787890031121
-1.2550678964572015,-1.802410108496321,1.6075083425100718,-0.012613142334174172,0.3224277228710904,21.30613276252462
0.37005588784751875,-0.3994490292628752,0.5829536797532936,1.1368913626026953,0.0977249677148556,18.679918411024076
-0.8096265760401127,0.8591041927855306,-0.8601533849246632,1.3071838450812574,-0.46744100962590635,-17.07872232638279
-0.8351926901914831,0.8065637678962596,-1.6845172554248828,0.9909091736848452,-0.18670911180977923,-1.7989314529426021
1.3841867245808201,1.012168295174788,-1.1802856063511906,-0.9723179180265172,-0.28044778146745414,-29.067563542137236
-0.7771475095483107,-1.0347952847505888,-0.6544865051849597,0.1123076884272699,0.39237432765912555,27.296013987356364
-0.04225715166064269,2.259308950690852,0.3791517355550818,-0.41004969320254847,-0.017020413861440594,-5.525339183473191
-0.37016416451370254,-0.43847445803460605,-0.3059525750983919,-0.09900831128407737,-1.0506538365874896,-70.92876399555816
-1.653180501394323,0.04952955186798744,0.22700263763997056,0.9266912255245402,0.7850340544628239,62.133420866990306
-1.21085563794359,0.25163024881989055,-0.11448704558920082,1.5932736159500267,0.5687223991204718,54.89092596355431
1.1037740024936882,0.8779241693247446,0.5263920801511129,-1.0368671611243467,0.4125984150754998,16.32803487881145
-0.47556398217502155,0.3797713865389971,0.04537092683674632,0.06814415817952207,-0.6695713849281263,-43.79601776760323
0.19321355323369646,-0.8022531717308108,-1.7971646153956184,0.40088567910412115,-0.009657236532908346,3.6531011206968227
1.8209392740896755,0.6500845143723144,-2.157356373494461,0.4554199909368095,0.22290581962427333,19.702733594221762
-0.2815754308001021,-0.7997861383857707,1.896182228633144,-0.7846874114294452,-0.3355806435831669,-30.72349730815464
0.901897030868351,-1.9384589545584345,-1.104090709322169,-2.11653617655955,-0.21506302571862082,-36.97927403046518
0.33601574266199213,-0.035742733548173485,0.777604137902912,-0.6555450294843581,0.06751685717432486,-2.534022001441844
0.7130162297109377,1.7236962756672618,0.5049699814628403,0.48334185178057176,-0.12364962589203071,-3.0438544842231448
-0.6677202863593994,-0.5911831037644297,-0.8376780419079453,-0.011145611841841251,0.011498899870062375,0.6452508769818249
1.3257079593243715,-0.7557507604402671,0.44786966411125256,-0.6910198131753685,-2.205505355019822,-154.06891825580314
-1.421903635278912,-0.10796194313364836,0.4886905912082333,-0.7035153156202221,-0.6150208487004943,-48.43640530487022
1.1751553919198752,0.9735767951881575,-3.740100637951779,-0.43503402945969205,0.6576820963867857,39.07433304583469
-0.05697905497773967,-0.3394543214647791,0.38900214065347916,-0.9131215375688202,-0.17845681489726312,-21.650955557394873
-0.15277442354540868,0.35281660649437835,-0.26393734859268786,0.967446150050235,-0.05535254802238957,6.684816734048546
-0.1162297003871491,0.5072389511096153,1.4350493867891545,0.25871644022974605,0.27560067398405635,21.099327686909106
-0.20583402521873762,0.07267789910378988,-0.034475046088398256,-0.6078874462819541,-0.9333162402269223,-68.57827624073084
0.09721923200291803,0.21496559062609352,-1.6786883628286566,-0.907300121525327,0.2242522209656819,5.191360625850198
1.582270683515847,-0.613203812631053,0.11284963329727896,0.672007013825133,-0.6202755832323555,-34.04776470984526
0.8627074340696257,0.8841146547158617,-0.07207302132209585,2.5998671643790567,1.6654495064347146,138.6078894862182
-0.9755422379377542,0.9703219872252618,-1.4688658766866547,0.600273654786764,-0.3222564029992112,-14.998232839560867
-1.5188686591575293,0.20823317071100664,0.07198519493602167,0.7845553343209962,1.146432013867845,84.64327857758471
-1.329891861334063,-1.5569339325092606,0.9760375253689257,2.9290962417638613,0.22285832310348672,46.20385791840344
-0.23550331433385294,2.011243186157662,-1.377018570791137,1.1219073488477662,1.392837432756857,104.64368027295258
-0.6126257388749357,0.1339129226154759,0.10490716508551272,0.7741606098188164,-0.7744589687708259,-43.20635208892679
-0.5475181006794317,-1.1094775536361452,0.978567297446043,0.6103917643054128,0.28601252697811796,25.559746959893616
0.19115923672657836,-1.9383574178994445,-0.5622516250814534,1.423475034053949,-0.7856663925669523,-36.99453993252188
0.2704105592062632,-1.5922158847855856,-0.16761007899150177,0.7157834832427298,0.1586675489389538,18.220594758718015
